<?xml version="1.0" encoding="UTF-8"?>

    <templates id="template" xml:space="preserve">

        <t t-name="pos_refund_notes.RefundButton" t-inherit="point_of_sale.InvoiceButton" t-inherit-mode="extension" owl="1">
           <xpath expr="//button[hasclass('control-button')]" position="after">
                    <div class="control-button btn btn-light rounded-0 fw-bolder" t-on-click="() => this.refundNote()" >
                        <i class="fa fa-sticky-note me-1" />
                        <span>Refund Notes</span>
                    </div>
           </xpath>
        </t>

    </templates>
